language	IDF_val
en-us	0.6469022139378559
eng	0.20923508104413
en-ca	2.3235958235627225
en-gb	1.6393490760474099
spa	2.6624143801161035
fre	2.6624143801161035
nl	3.402777069610347
ger	3.101747073946366
jpn	3.226685810554666
ara	3.226685810554666
en	3.402777069610347
per	3.402777069610347
